{"cameraMode":{"drawMode":0,"name":"Shaded","section":"Shading Mode"},"sceneLighting":true,"audioPlay":false,"sceneViewState":{"showFog":true,"showMaterialUpdate":false,"showSkybox":true,"showFlares":true,"showImageEffects":true,"showParticleSystems":true},"in2DMode":false,"pivot":{"x":0.7192546725273132,"y":0.8999117612838745,"z":0.9834026098251343},"rotation":{"x":0.19625133275985719,"y":-0.3225230872631073,"z":0.068548783659935,"w":0.9234861135482788},"size":2.1857364177703859,"orthographic":false}